{"cameraMode":{"drawMode":0,"name":"Shaded","section":"Shading Mode"},"sceneLighting":true,"audioPlay":false,"sceneViewState":{"showFog":true,"showMaterialUpdate":false,"showSkybox":true,"showFlares":true,"showImageEffects":true,"showParticleSystems":true},"in2DMode":false,"pivot":{"x":0.08245205879211426,"y":0.0531543493270874,"z":-1.8355681896209717},"rotation":{"x":-0.07154624909162522,"y":0.6865569353103638,"z":0.06819233298301697,"w":0.7203285098075867},"size":3.467142105102539,"orthographic":false}